Frame,DeltaTime,Time,Status,GazeX,GazeY,GazeZ,GazePosition,FocusDistance,FocusStability,StatusL,LeftX,LeftY,LeftZ,PositionL,PupilL,StatusR,RightX,RightY,RightZ,PositionR,PupilR
232450079,0.0128714,39.5818822160363,VALID,0.0218809898942709,-0.00671023409813643,0.999738037586212,-0.0325510017573833,2,0.991701006889343,VALID,0.0218809898942709,-0.00671023409813643,0.999738037586212,-0.0325510017573833,0.160129114985466,INVALID,,,,,
0,0.0183269,39.6002091169357,INVALID,,,,,,,INVALID,,,,,,INVALID,,,,,
0,0.0101727,39.6103818165138,INVALID,,,,,,,INVALID,,,,,,INVALID,,,,,
0,0.0169126,39.6272944165394,INVALID,,,,,,,INVALID,,,,,,INVALID,,,,,
0,0.0180785,39.6453729169443,INVALID,,,,,,,INVALID,,,,,,INVALID,,,,,
0,0.0172768,39.6626497162506,INVALID,,,,,,,INVALID,,,,,,INVALID,,,,,
0,0.0172439,39.6798936156556,INVALID,,,,,,,INVALID,,,,,,INVALID,,,,,
232450092,0.0209751,39.7008687155321,VALID,0.0319876223802567,0.00382207985967398,0.999480962753296,0,2,0,VALID,0.0232600495219231,-0.00800708867609501,0.999697387218475,-0.0325510017573833,0.16313348710537,VALID,0.0407082810997963,0.0156504232436419,0.999048471450806,0.0325510017573833,0.17846491932869
232450094,0.0159323,39.7168010147288,VALID,-0.0282907281070948,-0.0226870980113745,0.999342262744904,0,2,0,VALID,-0.0279201287776232,-0.0330289714038372,0.999064326286316,-0.0325510017573833,0.164780393242836,VALID,-0.0286582969129086,-0.0123427957296371,0.99951308965683,0.0325510017573833,0.183479696512222
232450096,0.020485,39.7372860154137,VALID,-0.0700883120298386,-0.0379394330084324,0.996819078922272,0,2,0,VALID,-0.0638406127691269,-0.0468699522316456,0.996858835220337,-0.0325510017573833,0.164125919342041,VALID,-0.0763276815414429,-0.0290044117718935,0.996660828590393,0.0325510017573833,0.187245696783066
232450098,0.0182252,39.755511215888,VALID,-0.0867408290505409,-0.0480305068194866,0.995072424411774,0,2,0,VALID,-0.0773426592350006,-0.057178907096386,0.995363593101501,-0.0325510017573833,0.162403792142868,VALID,-0.0961240753531456,-0.0388738363981247,0.994609951972961,0.0325510017573833,0.186651438474655
232450100,0.0198708,39.7753820167854,VALID,-0.0911693498492241,-0.0525930412113667,0.994445621967316,0,2,0,VALID,-0.0778864994645119,-0.0633509084582329,0.99494743347168,-0.0325510017573833,0.16187646985054,VALID,-0.10442553460598,-0.0418197959661484,0.993653059005737,0.0325510017573833,0.186348959803581
232450102,0.0204723,39.795854316093,VALID,-0.0941638126969337,-0.0554109402000904,0.994013488292694,0,2,0,VALID,-0.0788718089461327,-0.0667042136192322,0.994650602340698,-0.0325510017573833,0.162595346570015,VALID,-0.109421752393246,-0.0440976172685623,0.99301677942276,0.0325510017573833,0.185655534267426
232450104,0.0209507,39.8168050153181,VALID,-0.0957031324505806,-0.0549072772264481,0.993894398212433,0,2,0,VALID,-0.0788743644952774,-0.0668674483895302,0.99463939666748,-0.0325510017573833,0.161258593201637,VALID,-0.112491048872471,-0.042923666536808,0.992725193500519,0.0325510017573833,0.183652356266975
232450106,0.0213692,39.8381742155179,VALID,-0.0967598333954811,-0.0529458969831467,0.993898510932922,0,2,0,VALID,-0.0779389142990112,-0.0646685659885406,0.99485856294632,-0.0325510017573833,0.159418672323227,VALID,-0.115533091127872,-0.0411971546709538,0.992448925971985,0.0325510017573833,0.181353598833084
232450108,0.0225778,39.8607520153746,VALID,-0.0967015475034714,-0.0516945160925388,0.993970036506653,0,2,0,VALID,-0.0758065357804298,-0.0636647492647171,0.995088040828705,-0.0325510017573833,0.157785996794701,VALID,-0.117540366947651,-0.0396942421793938,0.992274463176727,0.0325510017573833,0.178644388914108
232450111,0.0220602,39.8828122159466,VALID,-0.0981583222746849,-0.0477579794824123,0.994024217128754,0,1.10237050056458,0,VALID,-0.074878953397274,-0.0596932731568813,0.995404362678528,-0.0325510017573833,0.153910949826241,VALID,-0.121370323002338,-0.0357899069786072,0.99196183681488,0.0325510017573833,0.176835268735886
232450113,0.0239394,39.9067516168579,VALID,-0.0987414643168449,-0.0412198342382908,0.994259059429169,0,1.01414215564728,0,VALID,-0.0739449858665466,-0.0545363388955593,0.995770037174225,-0.0325510017573833,0.151696786284447,VALID,-0.123459495604038,-0.0278705842792988,0.991958141326904,0.0325510017573833,0.174575626850128
232450115,0.0230217,39.9297733167186,VALID,-0.0949778109788895,-0.0259580817073584,0.995140910148621,0,0.895004212856293,0.355917423963547,VALID,-0.0674920454621315,-0.0414259620010853,0.996859431266785,-0.0325510017573833,0.148354977369308,VALID,-0.122368812561035,-0.0104643050581217,0.992429554462433,0.0325510017573833,0.187840312719345
0,0.026332,39.9561053169891,INVALID,,,,,,,INVALID,,,,,,INVALID,,,,,
0,0.0256667,39.9817720176652,INVALID,,,,,,,INVALID,,,,,,INVALID,,,,,
0,0.0268255,40.0085975183174,INVALID,,,,,,,INVALID,,,,,,INVALID,,,,,
0,0.0284702,40.0370677178726,INVALID,,,,,,,INVALID,,,,,,INVALID,,,,,
0,0.0304659,40.0675336187705,INVALID,,,,,,,INVALID,,,,,,INVALID,,,,,
232450133,0.0312992,40.0988328186795,VALID,-0.0674920454621315,-0.0414259620010853,0.996859431266785,-0.0325510017573833,2,0,VALID,-0.0674920454621315,-0.0414259620010853,0.996859431266785,-0.0325510017573833,0.136766374111176,INVALID,,,,,
0,0.0345911,40.1334239197895,INVALID,,,,,,,INVALID,,,,,,INVALID,,,,,
232450141,0.0355228,40.1689467197284,VALID,-0.0575603321194649,-0.440503507852554,0.895903706550598,-0.0325510017573833,2,0,VALID,-0.0575603321194649,-0.440503507852554,0.895903706550598,-0.0325510017573833,0.146949201822281,INVALID,,,,,
232450145,0.0394522,40.2083989186212,VALID,0.0101534081622958,-0.407622575759888,0.913094043731689,0,0.31227844953537,0,VALID,0.11322084069252,-0.41186198592186,0.904185116291046,-0.0325510017573833,0.145606189966202,VALID,-0.0930228680372238,-0.399013310670853,0.912214398384094,0.0325510017573833,0.176429376006126
232450150,0.0454384,40.2538373200223,VALID,0.0504946298897266,-0.353414207696915,0.93410313129425,0,0.327249765396118,0,VALID,0.148944675922394,-0.351573258638382,0.924235761165619,-0.0325510017573833,0.147024556994438,VALID,-0.048449918627739,-0.35179415345192,0.934822678565979,0.0325510017573833,0.177717834711075
232450156,0.04831,40.3021473204717,VALID,0.075123056769371,-0.240325346589088,0.967781126499176,0,0.301629483699799,0,VALID,0.181092619895935,-0.242463603615761,0.9531090259552,-0.0325510017573833,0.145121932029724,VALID,-0.0317066125571728,-0.235435515642166,0.971372663974762,0.0325510017573833,0.172133222222328
232450163,0.0570091,40.3591564213857,VALID,0.0974825248122215,-0.175741031765938,0.979597985744476,0,0.288699001073837,0,VALID,0.207837268710136,-0.174206733703613,0.96252566576004,-0.0325510017573833,0.143577456474304,VALID,-0.0140880215913057,-0.175083473324776,0.984452784061432,0.0325510017573833,0.172496318817139
232450173,0.0695135,40.4286699211225,VALID,0.106546275317669,-0.139550730586052,0.984466075897217,0,0.280599415302277,0,VALID,0.219777524471283,-0.136956587433815,0.965888559818268,-0.0325510017573833,0.142917767167091,VALID,-0.00808852072805166,-0.140306532382965,0.990075051784515,0.0325510017573833,0.174345120787621
232450174,0.0992239,40.5278938179836,VALID,0.106926918029785,-0.137760028243065,0.984677016735077,0,0.280839741230011,0,VALID,0.220049679279327,-0.135604038834572,0.966017425060272,-0.0325510017573833,0.143971487879753,VALID,-0.00760188698768616,-0.138104543089867,0.990388512611389,0.0325510017573833,0.173565745353699
232450176,0.015217,40.5431108176708,VALID,0.107162922620773,-0.136701658368111,0.984798848628998,0,0.281144440174103,0,VALID,0.220159396529198,-0.133882135152817,0.966232597827911,-0.0325510017573833,0.142886742949486,VALID,-0.00723962252959609,-0.137727543711662,0.990443706512451,0.0325510017573833,0.173805117607117
232450177,0.0150456,40.5581564176828,VALID,0.107241220772266,-0.13675057888031,0.984783530235291,0,0.281420022249222,0.0688116401433945,VALID,0.220125183463097,-0.133685186505318,0.966267645359039,-0.0325510017573833,0.143904656171799,VALID,-0.00704707391560078,-0.138025224208832,0.990403652191162,0.0325510017573833,0.17511223256588
232450179,0.0190163,40.5771727170795,VALID,0.107650205492973,-0.136767461895943,0.984736561775208,0,0.281381279230118,0.340199291706085,VALID,0.220537304878235,-0.133764326572418,0.966162741184235,-0.0325510017573833,0.143666446208954,VALID,-0.0066468445584178,-0.137979283928871,0.990412831306458,0.0325510017573833,0.17622010409832
232450181,0.0170941,40.5942668169737,VALID,0.108180560171604,-0.136898472905159,0.98466020822525,0,0.281476318836212,0.547321379184723,VALID,0.221011370420456,-0.133628904819489,0.966073155403137,-0.0325510017573833,0.145200192928314,VALID,-0.00606601499021053,-0.138376459479332,0.990361154079437,0.0325510017573833,0.175757214426994
232450182,0.0140137,40.6082805171609,VALID,0.10882256180048,-0.136753052473068,0.984609723091125,0,0.280594438314438,0.638612329959869,VALID,0.221978321671486,-0.133261501789093,0.965902149677277,-0.0325510017573833,0.144509747624397,VALID,-0.0057659987360239,-0.138444066047668,0.990353465080261,0.0325510017573833,0.175297394394875
232450184,0.0166315,40.6249120179564,VALID,0.108241185545921,-0.137705028057098,0.984541118144989,0,0.280531585216522,0.807930648326874,VALID,0.221425324678421,-0.133515223860741,0.96599406003952,-0.0325510017573833,0.146563723683357,VALID,-0.00636871811002493,-0.140080958604813,0.990119576454163,0.0325510017573833,0.180159822106361
232450185,0.016312,40.6412240173668,VALID,-0.015653308480978,-0.140070661902428,0.990017771720886,0.0325510017573833,2,0,INVALID,,,,,,VALID,-0.015653308480978,-0.140070661902428,0.990017771720886,0.0325510017573833,0.178044065833092
232450187,0.0153856,40.6566096171737,VALID,-0.165835008025169,-0.199042811989784,0.96585750579834,0,0.771734774112701,0,VALID,-0.136119216680527,-0.218156427145004,0.966374337673187,-0.0325510017573833,0.128614291548729,VALID,-0.195343732833862,-0.179680675268173,0.964134693145752,0.0325510017573833,0.173664554953575
232450189,0.0167093,40.6733189169317,VALID,-0.194630011916161,-0.158637791872025,0.967963457107544,0,0.419101357460022,0,VALID,-0.121760405600071,-0.173184633255005,0.977333843708038,-0.0325510017573833,0.145593792200089,VALID,-0.26640784740448,-0.14320108294487,0.953163325786591,0.0325510017573833,0.176637023687363
232450191,0.0171004,40.6904193162918,VALID,-0.196323692798615,-0.127221673727036,0.972250819206238,0,0.37833559513092,0,VALID,-0.115609593689442,-0.142872333526611,0.982965886592865,-0.0325510017573833,0.145280539989471,VALID,-0.275688141584396,-0.110696412622929,0.954851984977722,0.0325510017573833,0.177423521876335
232450192,0.0172985,40.7077178154141,VALID,-0.195924535393715,-0.11892644315958,0.973380744457245,0,0.372002869844437,0,VALID,-0.113891288638115,-0.134929493069649,0.984287977218628,-0.0325510017573833,0.146128937602043,VALID,-0.276565849781036,-0.102078475058079,0.955558121204376,0.0325510017573833,0.175397783517838
232450194,0.0168821,40.7245999146253,VALID,-0.194688722491264,-0.111846536397934,0.974467396736145,0,0.380991160869598,0,VALID,-0.11512940376997,-0.128887444734573,0.9849534034729,-0.0325510017573833,0.147917076945305,VALID,-0.272937774658203,-0.0940528959035873,0.957423090934753,0.0325510017573833,0.176956757903099
232450196,0.016402,40.7410019151866,VALID,-0.190534204244614,-0.109683595597744,0.975533843040466,0,0.3762326836586,0,VALID,-0.110393665730953,-0.128165870904922,0.985589563846588,-0.0325510017573833,0.144969061017036,VALID,-0.269366681575775,-0.0904483124613762,0.958780825138092,0.0325510017573833,0.175396591424942
232450197,0.0181702,40.7591721154749,VALID,-0.188543066382408,-0.10886462032795,0.976012289524078,0,0.380563914775848,0,VALID,-0.109669864177704,-0.12801131606102,0.985690414905548,-0.0325510017573833,0.145997494459152,VALID,-0.266156554222107,-0.0889905765652657,0.959813177585602,0.0325510017573833,0.175449952483177
232450199,0.0164379,40.7756100147963,VALID,-0.183575719594955,-0.109775170683861,0.976856887340546,0,0.382058531045914,0,VALID,-0.105061709880829,-0.129211857914925,0.986035645008087,-0.0325510017573833,0.146233737468719,VALID,-0.260873258113861,-0.0896110460162163,0.961204946041107,0.0325510017573833,0.174435913562775
232450201,0.0175092,40.7931192144752,VALID,-0.177315816283226,-0.109516054391861,0.978041589260101,0,0.372437089681625,0,VALID,-0.0962906628847122,-0.128744080662727,0.986991941928864,-0.0325510017573833,0.147178366780281,VALID,-0.257097125053406,-0.0895197838544846,0.962230384349823,0.0325510017573833,0.173086062073708
232450202,0.0210233,40.8141425140202,VALID,-0.174160808324814,-0.109394654631615,0.978621900081635,0,0.371166557073593,0,VALID,-0.0924052745103836,-0.127849206328392,0.987479567527771,-0.0325510017573833,0.145726099610329,VALID,-0.254679292440414,-0.090163066983223,0.962813138961792,0.0325510017573833,0.173513919115067
232450204,0.0124829,40.8266254141927,VALID,-0.16314634680748,-0.110934190452099,0.98034530878067,0,0.366782993078232,0,VALID,-0.0797477215528488,-0.128634423017502,0.988480389118195,-0.0325510017573833,0.145639181137085,VALID,-0.245348334312439,-0.0924202725291252,0.965019524097443,0.0325510017573833,0.174309328198433
232450206,0.0158775,40.8425029143691,VALID,-0.150397643446922,-0.111125312745571,0.982360303401947,0,0.372208654880524,0,VALID,-0.0678215548396111,-0.128241077065468,0.989421248435974,-0.0325510017573833,0.142782896757126,VALID,-0.231896638870239,-0.0932136997580528,0.968263983726501,0.0325510017573833,0.172162607312202
232450207,0.0151453,40.8576482143253,VALID,-0.145737081766129,-0.111196525394917,0.983054459095001,0,0.377013742923737,0,VALID,-0.0640808865427971,-0.127986505627632,0.98970353603363,-0.0325510017573833,0.142565473914146,VALID,-0.226374015212059,-0.0936288610100746,0.969529986381531,0.0325510017573833,0.172730058431625
232450209,0.0172271,40.8748753145337,VALID,-0.13638710975647,-0.111479066312313,0.984363257884979,0,0.376773327589035,0,VALID,-0.0541696064174175,-0.127394333481789,0.990371823310852,-0.0325510017573833,0.143173903226852,VALID,-0.217643186450005,-0.0947779715061188,0.971415758132935,0.0325510017573833,0.171100601553917
232450211,0.0171014,40.8919767141342,VALID,-0.12705796957016,-0.112251587212086,0.985523164272308,0,0.381734162569046,0.142867416143417,VALID,-0.0453885532915592,-0.126953110098839,0.990869700908661,-0.0325510017573833,0.140264570713043,VALID,-0.207848832011223,-0.0967738851904869,0.973362028598785,0.0325510017573833,0.169846698641777
232450212,0.01624,40.908216714859,VALID,-0.122775487601757,-0.112976513803005,0.98598301410675,0,0.377277135848999,0.148471340537071,VALID,-0.0399916730821133,-0.127597630023956,0.991019427776337,-0.0325510017573833,0.142156139016151,VALID,-0.204688549041748,-0.0975541323423386,0.973953664302826,0.0325510017573833,0.168847188353539
232450214,0.016779,40.9249957147986,VALID,-0.116038098931313,-0.114694312214851,0.986600399017334,0,0.377218216657639,0.135916665196419,VALID,-0.0327754877507687,-0.128205001354218,0.991205930709839,-0.0325510017573833,0.142293214797974,VALID,-0.198472619056702,-0.100365124642849,0.974954068660736,0.0325510017573833,0.168318942189217
232450216,0.0163937,40.9413894154131,VALID,-0.112168677151203,-0.115860044956207,0.986911654472351,0,0.374386429786682,0.132528975605965,VALID,-0.027905261144042,-0.12841708958149,0.991327583789825,-0.0325510017573833,0.14071324467659,VALID,-0.195615783333778,-0.102459833025932,0.975313484668732,0.0325510017573833,0.16755336523056
232450217,0.0169843,40.9583737161011,VALID,-0.109986700117588,-0.116584375500679,0.987071931362152,0,0.377522051334381,0.140981629490852,VALID,-0.0262951739132404,-0.128699824213982,0.991334915161133,-0.0325510017573833,0.139249309897423,VALID,-0.192889705300331,-0.103633105754852,0.975732386112213,0.0325510017573833,0.166907340288162
232450219,0.0169822,40.9753559157252,VALID,-0.105376683175564,-0.118178494274616,0.987385213375092,0,0.371589362621307,0.138497963547707,VALID,-0.0203963182866573,-0.130835264921188,0.991194307804108,-0.0325510017573833,0.138725310564041,VALID,-0.189577639102936,-0.104647628962994,0.976273119449615,0.0325510017573833,0.166228726506233
232450221,0.0180347,40.9933906160295,VALID,-0.102233029901981,-0.119796499609947,0.987520754337311,0,0.370318621397018,0.19008132815361,VALID,-0.0168455224484205,-0.132223173975945,0.991076827049255,-0.0325510017573833,0.139190956950188,VALID,-0.18685807287693,-0.106476366519928,0.976599633693695,0.0325510017573833,0.164911866188049
232450222,0.0167126,41.0101032163948,VALID,-0.100367076694965,-0.121822021901608,0.987464368343353,0,0.369462817907333,0.22488135099411,VALID,-0.0147095797583461,-0.134099468588829,0.990858674049377,-0.0325510017573833,0.141079992055893,VALID,-0.185271874070168,-0.10863097012043,0.976664543151855,0.0325510017573833,0.164227709174156
232450224,0.0172967,41.0273999162018,VALID,-0.098231628537178,-0.126008167862892,0.987153708934784,0,0.36545193195343,0.336825221776962,VALID,-0.0116431973874569,-0.138530924916267,0.990289688110352,-0.0325510017573833,0.13801397383213,VALID,-0.184067189693451,-0.112519651651382,0.976452052593231,0.0325510017573833,0.16175976395607
232450226,0.0171861,41.0445860158652,VALID,-0.0979802906513214,-0.129744291305542,0.986694633960724,0,0.366367429494858,0.442578375339508,VALID,-0.0117578003555536,-0.142773076891899,0.989685595035553,-0.0325510017573833,0.139007285237312,VALID,-0.183456853032112,-0.115727752447128,0.976191937923431,0.0325510017573833,0.163423627614975
232450228,0.0168323,41.0614183153957,VALID,-0.0978524088859558,-0.133867084980011,0.986156404018402,0,0.365938484668732,0.51831841468811,VALID,-0.0112762050703168,-0.146046906709671,0.989213407039642,-0.0325510017573833,0.138365641236305,VALID,-0.18367974460125,-0.12066275626421,0.975552260875702,0.0325510017573833,0.162062630057335
232450229,0.0178621,41.0792804155499,VALID,-0.0973047688603401,-0.134725242853165,0.986093759536743,0,0.371581017971039,0.567437529563904,VALID,-0.0118715669959784,-0.146128445863724,0.989194393157959,-0.0325510017573833,0.134652450680733,VALID,-0.182014167308807,-0.122319892048836,0.975658059120178,0.0325510017573833,0.161384388804436
0,0.0150382,41.0943186152726,INVALID,,,,,,,INVALID,,,,,,INVALID,,,,,
0,0.016368,41.1106866151094,INVALID,,,,,,,INVALID,,,,,,INVALID,,,,,
232450234,0.0163613,41.1270479150116,VALID,0.107815392315388,-0.212392136454582,0.971218526363373,0,0.338858753442764,0,VALID,0.201808363199234,-0.210979163646698,0.95643150806427,-0.0325510017573833,0.140338361263275,VALID,0.0128461206331849,-0.211881831288338,0.977210879325867,0.0325510017573833,0.156434655189514
232450236,0.0163756,41.1434235144407,VALID,0.210204243659973,-0.199261769652367,0.957135796546936,0,0.280407458543777,0,VALID,0.319086045026779,-0.194852828979492,0.927478551864624,-0.0325510017573833,0.141881704330444,VALID,0.0986414551734924,-0.201129272580147,0.974585473537445,0.0325510017573833,0.155301824212074
232450237,0.0160273,41.1594508141279,VALID,0.216997414827347,-0.192594394087791,0.956984579563141,0,0.284783244132996,0,VALID,0.323892682790756,-0.187903523445129,0.927246332168579,-0.0325510017573833,0.145039513707161,VALID,0.107425928115845,-0.194909989833832,0.974920392036438,0.0325510017573833,0.157375335693359
232450239,0.0167489,41.1761997137219,VALID,0.216498598456383,-0.177160754799843,0.960074186325073,0,0.291604965925217,0,VALID,0.320830732584,-0.176081702113152,0.930625021457672,-0.0325510017573833,0.140842765569687,VALID,0.109621815383434,-0.176157519221306,0.978238999843597,0.0325510017573833,0.156227111816406
232450241,0.0172504,41.1934501137584,VALID,0.209676906466484,-0.169380053877831,0.962988078594208,0,0.296841830015183,0,VALID,0.312481194734573,-0.169632762670517,0.934655129909515,-0.0325510017573833,0.142214626073837,VALID,0.104488290846348,-0.167201235890388,0.980370283126831,0.0325510017573833,0.156890094280243
232450242,0.0167336,41.2101837135851,VALID,0.203036859631538,-0.169459626078606,0.964395880699158,0,0.29292705655098,0,VALID,0.3076511323452,-0.16815921664238,0.936521887779236,-0.0325510017573833,0.145630910992622,VALID,0.0960424318909645,-0.168773502111435,0.980964481830597,0.0325510017573833,0.15961579978466
232450244,0.0163069,41.2264906130731,VALID,0.192356929183006,-0.169283851981163,0.966613590717316,0,0.303729951381683,0,VALID,0.29377469420433,-0.169074058532715,0.940803050994873,-0.0325510017573833,0.142514571547508,VALID,0.0888324975967407,-0.167639687657356,0.981837928295136,0.0325510017573833,0.156267955899239
232450246,0.0173505,41.2438411135226,VALID,0.184718772768974,-0.170880481600761,0.967821717262268,0,0.306812644004822,0,VALID,0.285536557435989,-0.169979378581047,0.943173289299011,-0.0325510017573833,0.142928302288055,VALID,0.081911101937294,-0.169940769672394,0.982044160366058,0.0325510017573833,0.15813310444355
232450247,0.0157747,41.2596158143133,VALID,0.181774824857712,-0.171587780117989,0.96825385093689,0,0.308624088764191,0,VALID,0.282165169715881,-0.170316651463509,0.944126605987549,-0.0325510017573833,0.141222834587097,VALID,0.0794464200735092,-0.171029433608055,0.982057631015778,0.0325510017573833,0.160214096307755
232450249,0.0180246,41.2776404134929,VALID,0.168599784374237,-0.173663318157196,0.970265507698059,0,0.319662928581238,0,VALID,0.266114175319672,-0.172700718045235,0.948344707489014,-0.0325510017573833,0.14338019490242,VALID,0.0694009959697723,-0.172890931367874,0.982492864131927,0.0325510017573833,0.16031813621521
232450251,0.0165126,41.2941530141979,VALID,0.149532541632652,-0.176241964101791,0.972922801971436,0,0.33451509475708,0,VALID,0.243510529398918,-0.174557894468308,0.954060852527618,-0.0325510017573833,0.141066715121269,VALID,0.0541802793741226,-0.176306292414665,0.982843101024628,0.0325510017573833,0.160755306482315
232450252,0.0159193,41.3100723139942,VALID,0.141820326447487,-0.177249610424042,0.973894000053406,0,0.342310160398483,0,VALID,0.233953356742859,-0.17515866458416,0.956339538097382,-0.0325510017573833,0.141881942749023,VALID,0.0484391413629055,-0.177780568599701,0.982877254486084,0.0325510017573833,0.161907717585564
232450254,0.0164343,41.3265066146851,VALID,0.125651776790619,-0.179964408278465,0.975614905357361,0,0.352885484695435,0,VALID,0.215537086129189,-0.177018046379089,0.960316836833954,-0.0325510017573833,0.143298298120499,VALID,0.0347207747399807,-0.181413099169731,0.982793867588043,0.0325510017573833,0.164298743009567
232450256,0.0175513,41.3440579138696,VALID,0.0970300137996674,-0.18494687974453,0.977946758270264,0,0.431218862533569,0,VALID,0.171121835708618,-0.186907678842545,0.967358708381653,-0.0325510017573833,0.146065205335617,VALID,0.0223942864686251,-0.181949347257614,0.983052849769592,0.0325510017573833,0.161169901490211
232450257,0.0158435,41.3599014133215,VALID,0.0516016632318497,-0.197172775864601,0.979009807109833,0,0.501012086868286,0,VALID,0.113906532526016,-0.207786679267883,0.971519410610199,-0.0325510017573833,0.146184518933296,VALID,-0.0109122302383184,-0.18576018512249,0.982534527778625,0.0325510017573833,0.163200721144676
232450259,0.0163529,41.3762543126941,VALID,-0.00592259271070361,-0.217477723956108,0.976047337055206,0,0.513027369976044,0,VALID,0.0513980016112328,-0.235288873314857,0.970565497875214,-0.0325510017573833,0.145242586731911,VALID,-0.0632216706871986,-0.198876485228539,0.977983236312866,0.0325510017573833,0.165882796049118
232450261,0.0177341,41.3939884118736,VALID,-0.0285005047917366,-0.228765532374382,0.973064243793488,0,0.499033540487289,0,VALID,0.0294066965579987,-0.248585924506187,0.968163371086121,-0.0325510017573833,0.145772159099579,VALID,-0.086300253868103,-0.208082661032677,0.974296629428864,0.0325510017573833,0.165724247694016
232450262,0.0155959,41.4095843117684,VALID,-0.0348462462425232,-0.23391592502594,0.971632182598114,0,0.491565585136414,0,VALID,0.0233461204916239,-0.254768341779709,0.966720223426819,-0.0325510017573833,0.14440093934536,VALID,-0.09290461987257,-0.212164014577866,0.972807884216309,0.0325510017573833,0.16633340716362
232450264,0.0168033,41.4263876117766,VALID,-0.0402733683586121,-0.241151824593544,0.969651401042938,0,0.473434031009674,0,VALID,0.0188534110784531,-0.264190316200256,0.964286267757416,-0.0325510017573833,0.147531598806381,VALID,-0.0992368161678314,-0.217135354876518,0.97108405828476,0.0325510017573833,0.166400879621506
232450266,0.016793,41.4431806113571,VALID,-0.0432113893330097,-0.244668498635292,0.968643426895142,0,0.464684069156647,0,VALID,0.0170979853719473,-0.268067300319672,0.963248431682587,-0.0325510017573833,0.147588178515434,VALID,-0.103338681161404,-0.220238700509071,0.969956696033478,0.0325510017573833,0.168136149644852
232450267,0.0165471,41.4597277119756,VALID,-0.0446947515010834,-0.244554981589317,0.968604803085327,0,0.467379063367844,0,VALID,0.0156606007367373,-0.267429232597351,0.963450253009796,-0.0325510017573833,0.144763752818108,VALID,-0.104862712323666,-0.220655426383018,0.969698429107666,0.0325510017573833,0.168395727872849
232450269,0.0182462,41.4779739119112,VALID,-0.0472663938999176,-0.248291671276093,0.967531442642212,0,0.460324764251709,0,VALID,0.0131997736170888,-0.272343993186951,0.962109386920929,-0.0325510017573833,0.147391095757484,VALID,-0.107531011104584,-0.223180621862412,0.968827903270721,0.0325510017573833,0.167413279414177
232450271,0.0163029,41.4942768123001,VALID,-0.0500024706125259,-0.249746173620224,0.967019438743591,0,0.471294432878494,0,VALID,0.00930141378194094,-0.27303084731102,0.961960315704346,-0.0325510017573833,0.148844227194786,VALID,-0.109102107584476,-0.225441351532936,0.968128561973572,0.0325510017573833,0.167791441082954
232450272,0.0164274,41.5107042118907,VALID,-0.0509108901023865,-0.25053197145462,0.966768741607666,0,0.474623531103134,0,VALID,0.00876803789287806,-0.272837221622467,0.96202027797699,-0.0325510017573833,0.146388649940491,VALID,-0.11038202047348,-0.227204129099846,0.967571258544922,0.0325510017573833,0.169118016958237
232450274,0.0164649,41.5271691121161,VALID,-0.052428524941206,-0.255565792322159,0.965369045734406,0,0.496008843183517,0,VALID,0.00641431426629424,-0.27489098906517,0.961453974246979,-0.0325510017573833,0.147128984332085,VALID,-0.111069448292255,-0.235256344079971,0.965566158294678,0.0325510017573833,0.169122457504272
232450276,0.0177765,41.5449456125498,VALID,-0.0548932924866676,-0.259817332029343,0.964096307754517,0,0.512391686439514,0,VALID,0.00277965422719717,-0.277603477239609,0.960691750049591,-0.0325510017573833,0.148843735456467,VALID,-0.112365655601025,-0.241081789135933,0.963977992534637,0.0325510017573833,0.170207545161247
232450277,0.0153815,41.5603271126747,VALID,-0.056239977478981,-0.262596368789673,0.963265419006348,0,0.515224754810333,0,VALID,0.00125064083840698,-0.280100733041763,0.959969818592072,-0.0325510017573833,0.148888260126114,VALID,-0.113526865839958,-0.244140759110451,0.963071644306183,0.0325510017573833,0.169437363743782
0,0.0164472,41.5767743121833,INVALID,,,,,,,INVALID,,,,,,INVALID,,,,,
0,0.0166699,41.5934442114085,INVALID,,,,,,,INVALID,,,,,,INVALID,,,,,
0,0.0168108,41.6102550122887,INVALID,,,,,,,INVALID,,,,,,INVALID,,,,,
232450284,0.0158738,41.6261288113892,VALID,-0.137295350432396,0.00647770939394832,0.99050897359848,0,2,0,VALID,-0.132742270827293,0.0105931162834167,0.991093993186951,-0.0325510017573833,0.138473466038704,VALID,-0.141843214631081,0.00236205663532019,0.989886343479156,0.0325510017573833,0.157721474766731
232450286,0.0181832,41.644312011078,VALID,0.179521277546883,0.286735862493515,0.941039144992828,0,0.682815432548523,0,VALID,0.219869419932365,0.269696056842804,0.937508106231689,-0.0325510017573833,0.141686707735062,VALID,0.13882651925087,0.303222000598907,0.942753195762634,0.0325510017573833,0.161765918135643
232450287,0.0157414,41.6600534114987,VALID,0.213721290230751,0.307467728853226,0.927246868610382,0,0.63176441192627,0,VALID,0.254804015159607,0.286845922470093,0.92346864938736,-0.0325510017573833,0.142080813646317,VALID,0.17218391597271,0.327435463666916,0.929052591323853,0.0325510017573833,0.160261601209641
232450289,0.0205585,41.6806119121611,VALID,0.226516798138618,0.292290776968002,0.929115831851959,0,0.656474053859711,0,VALID,0.266696155071259,0.273200333118439,0.924248218536377,-0.0325510017573833,0.143020913004875,VALID,0.185883834958076,0.310795903205872,0.932122886180878,0.0325510017573833,0.161372989416122
232450291,0.014633,41.6952449120581,VALID,0.217792809009552,0.271113991737366,0.937583863735199,0,0.73570328950882,0,VALID,0.254831045866013,0.255300283432007,0.932675123214722,-0.0325510017573833,0.142136126756668,VALID,0.18039608001709,0.286481410264969,0.940949320793152,0.0325510017573833,0.16277089715004
232450292,0.0160498,41.7112947124988,VALID,0.212862372398376,0.261878818273544,0.941333651542664,0,0.740285992622375,0,VALID,0.250358164310455,0.246954187750816,0.936127364635468,-0.0325510017573833,0.144560053944588,VALID,0.175014138221741,0.276369839906693,0.944981336593628,0.0325510017573833,0.162462010979652
232450294,0.0168233,41.7281180117279,VALID,0.203710064291954,0.245936617255211,0.947637796401978,0,0.744198441505432,0,VALID,0.242046520113945,0.232435271143913,0.942012369632721,-0.0325510017573833,0.144398912787437,VALID,0.165030643343925,0.259023904800415,0.951667726039886,0.0325510017573833,0.163270205259323
232450296,0.0182723,41.7463903110474,VALID,0.194386452436447,0.236310094594955,0.952035427093506,0,0.747826814651489,0,VALID,0.232595771551132,0.222853854298592,0.946697056293488,-0.0325510017573833,0.144647657871246,VALID,0.155852600932121,0.24937179684639,0.955784320831299,0.0325510017573833,0.163883596658707
232450297,0.0148947,41.7612850107253,VALID,0.190290495753288,0.233056977391243,0.953663468360901,0,0.766647279262543,0,VALID,0.227984055876732,0.220510885119438,0.948366105556488,-0.0325510017573833,0.144418865442276,VALID,0.152291297912598,0.245228707790375,0.957428991794586,0.0325510017573833,0.164182245731354
232450299,0.0168088,41.7780938111246,VALID,0.18497759103775,0.217123344540596,0.958457469940186,0,0.818477392196655,0,VALID,0.221793666481972,0.208215057849884,0.952603816986084,-0.0325510017573833,0.14478811621666,VALID,0.147889778017998,0.225712656974792,0.962903141975403,0.0325510017573833,0.163631871342659
232450301,0.0155579,41.7936517111957,VALID,0.171464934945107,0.196783378720284,0.96533727645874,0,0.873694598674774,0,VALID,0.206499189138412,0.189562365412712,0.959908425807953,-0.0325510017573833,0.145108282566071,VALID,0.136206239461899,0.203746795654297,0.969502508640289,0.0325510017573833,0.16359755396843
232450302,0.0167302,41.810381911695,VALID,0.162236988544464,0.18679478764534,0.968910157680511,0,0.892427504062653,0,VALID,0.196757733821869,0.180140763521194,0.963761210441589,-0.0325510017573833,0.144363328814507,VALID,0.127511411905289,0.193212985992432,0.972835838794708,0.0325510017573833,0.163102015852928
232450304,0.0168132,41.8271951116621,VALID,0.141962543129921,0.169031903147697,0.975333213806152,0,0.895536422729492,0,VALID,0.176288366317749,0.161743849515915,0.970959007740021,-0.0325510017573833,0.144050881266594,VALID,0.107459180057049,0.176108583807945,0.978487730026245,0.0325510017573833,0.162666127085686
232450306,0.0168592,41.8440543115139,VALID,0.122514434158802,0.147766157984734,0.981404781341553,0,0.898342430591583,0,VALID,0.155967533588409,0.138617649674416,0.977987349033356,-0.0325510017573833,0.141684159636498,VALID,0.0889125540852547,0.156735196709633,0.983630359172821,0.0325510017573833,0.162205129861832
232450307,0.0167542,41.8608085121959,VALID,0.11541823297739,0.139485761523247,0.983474612236023,0,0.912472248077393,0,VALID,0.14762307703495,0.129225224256516,0.980565249919891,-0.0325510017573833,0.141084671020508,VALID,0.0830805525183678,0.149585738778114,0.985252141952515,0.0325510017573833,0.161849454045296
232450309,0.0166706,41.8774791117758,VALID,0.126750335097313,0.157030299305916,0.979426264762878,0,0.937724888324738,0,VALID,0.159237295389175,0.149149805307388,0.975908696651459,-0.0325510017573833,0.140765994787216,VALID,0.0941201746463776,0.164733365178108,0.981837213039398,0.0325510017573833,0.158785849809647
232450311,0.0164084,41.8938875123858,VALID,0.13059464097023,0.183183416724205,0.974365890026093,0,0.967404127120972,0,VALID,0.162828296422958,0.177414059638977,0.970572590827942,-0.0325510017573833,0.143568113446236,VALID,0.098219059407711,0.188753694295883,0.977100312709808,0.0325510017573833,0.159709975123405
232450312,0.0174716,41.9113591127098,VALID,0.131135702133179,0.195074036717415,0.971982300281525,0,0.962673962116241,0,VALID,0.163850039243698,0.190415441989899,0.967933416366577,-0.0325510017573833,0.141870215535164,VALID,0.0982760265469551,0.199516415596008,0.974953830242157,0.0325510017573833,0.159025087952614
232450314,0.0162848,41.927643911913,VALID,0.130600720643997,0.206667631864548,0.969655573368073,0,0.943991243839264,0,VALID,0.164218321442604,0.203186064958572,0.965270817279816,-0.0325510017573833,0.141063764691353,VALID,0.096831426024437,0.209909155964851,0.972914099693298,0.0325510017573833,0.158889099955559
232450316,0.0176781,41.9453220125288,VALID,0.12880577147007,0.205680966377258,0.970105350017548,0,0.903703391551971,0,VALID,0.163808584213257,0.201324328780174,0.965730428695679,-0.0325510017573833,0.140811190009117,VALID,0.0936402305960655,0.209777742624283,0.97325474023819,0.0325510017573833,0.158066362142563
232450317,0.0161727,41.961494712159,VALID,0.126488044857979,0.203432381153107,0.970884144306183,0,0.867464959621429,0,VALID,0.162969946861267,0.198909312486649,0.966372549533844,-0.0325510017573833,0.140782088041306,VALID,0.08983264118433,0.207676380872726,0.974063992500305,0.0325510017573833,0.156343698501587
232450319,0.0165751,41.9780698120594,VALID,0.121773421764374,0.199611037969589,0.972279131412506,0,0.848208963871002,0,VALID,0.159129604697227,0.195041716098785,0.967799842357636,-0.0325510017573833,0.140504449605942,VALID,0.0842423290014267,0.203893631696701,0.975361764431,0.0325510017573833,0.156857997179031
232450321,0.0155862,41.9936560122296,VALID,0.115546576678753,0.195908889174461,0.973790884017944,0,0.845903933048248,0,VALID,0.153163760900497,0.191942542791367,0.969380676746368,-0.0325510017573833,0.140063941478729,VALID,0.0777618139982224,0.199591130018234,0.976788878440857,0.0325510017573833,0.157173708081245
232450322,0.0188631,42.0125191127881,VALID,0.111759699881077,0.192740708589554,0.974864482879639,0,0.864932298660278,0,VALID,0.148690208792686,0.189634621143341,0.97053074836731,-0.0325510017573833,0.136021792888641,VALID,0.074673593044281,0.195578441023827,0.977840960025787,0.0325510017573833,0.156613633036613
232450324,0.0170875,42.0296066133305,VALID,0.105203412473202,0.182440280914307,0.977572381496429,0,0.891886830329895,0,VALID,0.141155526041985,0.18032306432724,0.973426282405853,-0.0325510017573833,0.13586887717247,VALID,0.0691130384802818,0.184317708015442,0.980433762073517,0.0325510017573833,0.156922370195389
232450326,0.0170703,42.0466769142076,VALID,0.100193873047829,0.171906441450119,0.980004787445068,0,0.910267293453217,0,VALID,0.135296687483788,0.168478533625603,0.976375818252563,-0.0325510017573833,0.137209266424179,VALID,0.0649650990962982,0.175118237733841,0.982401728630066,0.0325510017573833,0.156745940446854
232450327,0.0138831,42.0605600140989,VALID,0.0978730618953705,0.165862068533897,0.981280088424683,0,0.916296660900116,0,VALID,0.132637470960617,0.161791831254959,0.977870523929596,-0.0325510017573833,0.137516036629677,VALID,0.0629876032471657,0.16972716152668,0.983476102352142,0.0325510017573833,0.15615901350975
232450329,0.017278,42.0778380148113,VALID,0.092985600233078,0.155813559889793,0.983400106430054,0,0.934961557388306,0,VALID,0.126773327589035,0.150569319725037,0.980437338352203,-0.0325510017573833,0.136172115802765,VALID,0.0590883456170559,0.160874262452126,0.985204577445984,0.0325510017573833,0.15699914097786
232450331,0.0169102,42.0947482138872,VALID,0.0894650816917419,0.148539021611214,0.984851360321045,0,0.929014563560486,0,VALID,0.122582577168942,0.140848323702812,0.982412993907928,-0.0325510017573833,0.136285841464996,VALID,0.0562436394393444,0.156057134270668,0.986145436763763,0.0325510017573833,0.15699914097786
232450332,0.0166309,42.1113791130483,VALID,0.0885193720459938,0.146242871880531,0.985280334949493,0,0.928010284900665,0.0820824578404427,VALID,0.121134325861931,0.137477323412895,0.983069896697998,-0.0325510017573833,0.136128664016724,VALID,0.0558030195534229,0.154840901494026,0.986362159252167,0.0325510017573833,0.156000509858131
232450334,0.0167235,42.128102613613,VALID,0.0857601463794708,0.139385670423508,0.986517548561096,0,0.94583535194397,0.0367603152990341,VALID,0.117535397410393,0.13038495182991,0.984472036361694,-0.0325510017573833,0.136106789112091,VALID,0.0538909956812859,0.148233786225319,0.987482905387878,0.0325510017573833,0.156476721167564
232450336,0.0174687,42.1455713137984,VALID,0.0839294567704201,0.134255439043045,0.987386107444763,0,0.948416590690613,0.0321408621966839,VALID,0.115469768643379,0.125031501054764,0.985410511493683,-0.0325510017573833,0.135548561811447,VALID,0.052298191934824,0.14333388209343,0.988291621208191,0.0325510017573833,0.156204104423523
232450337,0.0178375,42.1634088139981,VALID,0.0831665024161339,0.131908923387527,0.987766861915588,0,0.953581631183624,0.0395055450499058,VALID,0.114667676389217,0.122952446341515,0.985765695571899,-0.0325510017573833,0.135576695203781,VALID,0.0515757948160172,0.140723392367363,0.98870462179184,0.0325510017573833,0.156725570559502
232450339,0.0162867,42.1796955130994,VALID,0.0818305388092995,0.126541942358017,0.988580226898193,0,0.98578679561615,0.0510219149291515,VALID,0.112993903458118,0.119170181453228,0.986423254013062,-0.0325510017573833,0.136222898960114,VALID,0.0505828782916069,0.133783355355263,0.989718854427338,0.0325510017573833,0.155639201402664
232450341,0.0165887,42.196284212172,VALID,0.0806022807955742,0.123293519020081,0.989091515541077,0,0.998533487319946,0.134414777159691,VALID,0.111520282924175,0.116339340806007,0.986928761005402,-0.0325510017573833,0.136189609766006,VALID,0.0496029518544674,0.130123287439346,0.990256249904633,0.0325510017573833,0.156391754746437
232450342,0.0162626,42.2125468123704,VALID,0.0797458961606026,0.120623990893364,0.9894899725914,0,1.00570154190063,0.180918753147125,VALID,0.110619947314262,0.11412225663662,0.987288892269135,-0.0325510017573833,0.13555271923542,VALID,0.0487920716404915,0.127005055546761,0.99070131778717,0.0325510017573833,0.156450659036636
232450344,0.015752,42.2282988131046,VALID,0.078282006084919,0.115843765437603,0.990177810192108,0,1.00831258296967,0.293248474597931,VALID,0.109403617680073,0.110202573239803,0.987869560718536,-0.0325510017573833,0.13543014228344,VALID,0.0470816642045975,0.121368445456028,0.991490304470062,0.0325510017573833,0.155443787574768
232450346,0.0171282,42.2454270124435,VALID,0.077055811882019,0.112188197672367,0.99069482088089,0,1.01115715503693,0.409586876630783,VALID,0.108104631304741,0.106598027050495,0.988407909870148,-0.0325510017573833,0.135542646050453,VALID,0.0459298975765705,0.117666117846966,0.991990506649017,0.0325510017573833,0.156602501869202
232450348,0.0172042,42.2626312132925,VALID,0.0760072097182274,0.10679554194212,0.99137157201767,0,1.00076389312744,0.49327763915062,VALID,0.107526324689388,0.101588405668736,0.988998413085938,-0.0325510017573833,0.136892661452293,VALID,0.0444100983440876,0.111893087625504,0.992727398872375,0.0325510017573833,0.156030297279358
232450349,0.0165107,42.2791419140995,VALID,0.0757014006376266,0.104943491518497,0.991592764854431,0,1.00098323822021,0.536575317382813,VALID,0.107135616242886,0.0995007455348969,0.989253044128418,-0.0325510017573833,0.13708421587944,VALID,0.0441897250711918,0.110278852283955,0.992917835712433,0.0325510017573833,0.155900061130524
232450351,0.0165099,42.295651813969,VALID,0.0753596052527428,0.100927099585533,0.992035627365112,0,0.971767485141754,0.563068926334381,VALID,0.107339151203632,0.0942691415548325,0.989743232727051,-0.0325510017573833,0.136785581707954,VALID,0.0432992503046989,0.107476837933064,0.993264257907867,0.0325510017573833,0.156560152769089
232450353,0.0180469,42.313698714599,VALID,0.0749839097261429,0.0959854125976563,0.992554366588593,0,0.948202013969421,0.598079919815063,VALID,0.107514783740044,0.0886165946722031,0.990246295928955,-0.0325510017573833,0.138971254229546,VALID,0.0423692166805267,0.103246927261353,0.993752956390381,0.0325510017573833,0.156607314944267
232450354,0.0155439,42.3292426150292,VALID,0.0745087414979935,0.0945731922984123,0.992725729942322,0,0.959102630615234,0.615824937820435,VALID,0.106794536113739,0.0875635370612144,0.990417897701263,-0.0325510017573833,0.135392308235168,VALID,0.0421412251889706,0.10147912055254,0.993944704532623,0.0325510017573833,0.157114833593369
232450356,0.0173915,42.3466341141611,VALID,0.0735077559947968,0.0906902030110359,0.993162572383881,0,0.964696943759918,0.633705854415894,VALID,0.105756707489491,0.0840738490223885,0.99083149433136,-0.0325510017573833,0.137245267629623,VALID,0.0411787442862988,0.0972077772021294,0.994411885738373,0.0325510017573833,0.155969887971878
232450358,0.0158557,42.3624898139387,VALID,0.0729950293898582,0.0877459496259689,0.993464827537537,0,0.962365448474884,0.67060124874115,VALID,0.105499848723412,0.0815660357475281,0.991068482398987,-0.0325510017573833,0.138492226600647,VALID,0.0404098816215992,0.0938292965292931,0.994767844676971,0.0325510017573833,0.157242357730865
232450359,0.0171177,42.3796075135469,VALID,0.072672925889492,0.0867678374052048,0.993574321269989,0,0.964778959751129,0.691014409065247,VALID,0.104960203170776,0.0802532210946083,0.991232931613922,-0.0325510017573833,0.137351274490356,VALID,0.0403064079582691,0.0931878387928009,0.994832336902618,0.0325510017573833,0.156291246414185
232450361,0.0162364,42.3958439137787,VALID,0.0725587829947472,0.0851393491029739,0.993723571300507,0,0.954135596752167,0.722906172275543,VALID,0.10534493625164,0.0789112970232964,0.991299867630005,-0.0325510017573833,0.138753563165665,VALID,0.0396913960576057,0.0912720784544945,0.995034694671631,0.0325510017573833,0.157152131199837
232450363,0.017311,42.4131549131125,VALID,0.0719986483454704,0.0830639898777008,0.993939936161041,0,0.96797639131546,0.76484227180481,VALID,0.104426845908165,0.0772228315472603,0.991529941558838,-0.0325510017573833,0.137394294142723,VALID,0.0394918583333492,0.0888144746422768,0.995265007019043,0.0325510017573833,0.15765792131424
232450364,0.0167278,42.4298827126622,VALID,0.0718835666775703,0.0820294842123985,0.994034171104431,0,0.963894546031952,0.780863404273987,VALID,0.104531317949295,0.076401598751545,0.991582572460175,-0.0325510017573833,0.137475490570068,VALID,0.0391564927995205,0.0875668376684189,0.995388805866241,0.0325510017573833,0.157338231801987
232450366,0.0168183,42.4467010125518,VALID,0.0723195523023605,0.0807230249047279,0.994109511375427,0,0.956422746181488,0.826665580272675,VALID,0.105270810425282,0.075206845998764,0.991595685482025,-0.0325510017573833,0.139153063297272,VALID,0.0392871014773846,0.086148589849472,0.9955073595047,0.0325510017573833,0.158520668745041
232450368,0.0161857,42.4628867134452,VALID,0.0727866291999817,0.0800693184137344,0.994128286838531,0,0.958525478839874,0.879886209964752,VALID,0.105675376951694,0.0746028423309326,0.99159824848175,-0.0325510017573833,0.138167530298233,VALID,0.0398165136575699,0.0854462757706642,0.995546877384186,0.0325510017573833,0.157883405685425
232450369,0.0177924,42.4806791134179,VALID,0.0728728175163269,0.0796408131718636,0.994156360626221,0,0.964361608028412,0.905988156795502,VALID,0.105586752295494,0.0742833688855171,0.991631686687469,-0.0325510017573833,0.138203397393227,VALID,0.0400783345103264,0.0849102437496185,0.995582222938538,0.0325510017573833,0.158835425972939
232450371,0.0159296,42.4966087136418,VALID,0.0739112943410873,0.0790890380740166,0.994123756885529,0,0.97254604101181,0.94744473695755,VALID,0.106139905750752,0.0731769278645515,0.991654932498932,-0.0325510017573833,0.139587908983231,VALID,0.0416028760373592,0.0849157571792603,0.99551922082901,0.0325510017573833,0.159074649214745
232450373,0.0172658,42.5138745140284,VALID,0.0758975595235825,0.0787725448608398,0.993999242782593,0,1.00819396972656,0.979104578495026,VALID,0.106892995536327,0.0728369802236557,0.991599023342133,-0.0325510017573833,0.139846175909042,VALID,0.0448260977864265,0.0846292078495026,0.995403707027435,0.0325510017573833,0.159445881843567
232450374,0.017041,42.5309155136347,VALID,0.0767999067902565,0.0785255134105682,0.993949472904205,0,1.02254629135132,0.99533599615097,VALID,0.107331044971943,0.072606049478054,0.991568684577942,-0.0325510017573833,0.139354005455971,VALID,0.0461940541863441,0.0843685865402222,0.995363295078278,0.0325510017573833,0.158597260713577
232450376,0.0160469,42.5469624139369,VALID,0.0785953551530838,0.0777815282344818,0.993867576122284,0,1.04605340957642,1,VALID,0.108377411961555,0.0718533024191856,0.991509675979614,-0.0325510017573833,0.139733821153641,VALID,0.0487403832376003,0.0836376026272774,0.995303511619568,0.0325510017573833,0.160556048154831
232450378,0.0154787,42.5624411143363,VALID,0.0808476284146309,0.0773712918162346,0.993718922138214,0,1.10959088802338,1,VALID,0.108792431652546,0.0714789256453514,0.991491258144379,-0.0325510017573833,0.138753816485405,VALID,0.0528364852070808,0.0832001715898514,0.995131194591522,0.0325510017573833,0.160324320197105
232450379,0.0175489,42.5799900144339,VALID,0.0820317268371582,0.077003076672554,0.993650496006012,0,1.13682305812836,1,VALID,0.109264336526394,0.0711618438363075,0.991462230682373,-0.0325510017573833,0.14015993475914,VALID,0.0547350831329823,0.0827842131257057,0.995063245296478,0.0325510017573833,0.160104379057884
232450381,0.0160478,42.5960378143936,VALID,0.0834896191954613,0.0762781649827957,0.993584990501404,0,1.183758020401,1,VALID,0.109445869922638,0.0702453181147575,0.991507530212402,-0.0325510017573833,0.139187797904015,VALID,0.0574737228453159,0.0822565108537674,0.99495255947113,0.0325510017573833,0.160443559288979
232450383,0.0166806,42.6127184145153,VALID,0.0855010598897934,0.0759896337985992,0.99343603849411,0,2,1,VALID,0.110443584620953,0.0698189437389374,0.991427004337311,-0.0325510017573833,0.140618339180946,VALID,0.0605017431080341,0.0821098536252975,0.994785130023956,0.0325510017573833,0.160464122891426
232450384,0.016649,42.6293674148619,VALID,0.0865859687328339,0.0758148282766342,0.993355393409729,0,2,1,VALID,0.111078828573227,0.069628544151783,0.991369426250458,-0.0325510017573833,0.140877157449722,VALID,0.0620375126600266,0.0819524228572845,0.994703531265259,0.0325510017573833,0.160711258649826
232450386,0.0207359,42.650103315711,VALID,0.0891262367367744,0.0750901997089386,0.993185758590698,0,2,0.991535186767578,VALID,0.111944898962975,0.0691083669662476,0.991308391094208,-0.0325510017573833,0.141496658325195,VALID,0.066257655620575,0.0810299813747406,0.99450695514679,0.0325510017573833,0.161008268594742
232450388,0.0129921,42.6630954155698,VALID,0.0914535447955132,0.0745453089475632,0.993015229701996,0,2,0.967927813529968,VALID,0.113554276525974,0.0686732530593872,0.991155564785004,-0.0325510017573833,0.141580313444138,VALID,0.0693046748638153,0.0803781226277351,0.994352161884308,0.0325510017573833,0.162015244364738
232450389,0.0166951,42.6797905163839,VALID,0.0927178561687469,0.0744129121303558,0.992907881736755,0,2,0.957440376281738,VALID,0.115043334662914,0.0685469955205917,0.990992605686188,-0.0325510017573833,0.142653152346611,VALID,0.0703426226973534,0.080238901078701,0.99429053068161,0.0325510017573833,0.161815136671066
232450391,0.016696,42.6964865168557,VALID,0.0945195555686951,0.0738509446382523,0.992779970169067,0,2,0.95299631357193,VALID,0.117593511939049,0.0676862150430679,0.990752398967743,-0.0325510017573833,0.142142757773399,VALID,0.0713912844657898,0.0799732431769371,0.994237184524536,0.0325510017573833,0.162209317088127
232450393,0.0170463,42.71353281755,VALID,0.0966306924819946,0.0730994567275047,0.992632329463959,0,2,0.950160086154938,VALID,0.120085068047047,0.067391961812973,0.990473568439484,-0.0325510017573833,0.14307177066803,VALID,0.0731195583939552,0.0787640139460564,0.994208097457886,0.0325510017573833,0.164074376225472
232450394,0.0165309,42.730063716881,VALID,0.0980569645762444,0.0726390480995178,0.992526292800903,0,2,0.939842939376831,VALID,0.121881514787674,0.0672380477190018,0.990264594554901,-0.0325510017573833,0.145174592733383,VALID,0.0741733908653259,0.0779963284730911,0.994190573692322,0.0325510017573833,0.164312109351158
232450396,0.016671,42.7467347169295,VALID,0.100883662700653,0.0720683634281158,0.992284536361694,0,2,0.929911017417908,VALID,0.125846177339554,0.0667146369814873,0.989803969860077,-0.0325510017573833,0.143682718276978,VALID,0.0758547633886337,0.0773746743798256,0.994112253189087,0.0325510017573833,0.162821829319
232450397,0.0161279,42.7628626162186,VALID,0.101934045553207,0.0719367414712906,0.992186725139618,0,2,0.932427644729614,VALID,0.12730361521244,0.0668651238083839,0.989607393741608,-0.0325510017573833,0.143851041793823,VALID,0.076495572924614,0.0769597291946411,0.994095385074615,0.0325510017573833,0.164049103856087
232450399,0.0171668,42.7800294170156,VALID,0.103514589369297,0.0723007172346115,0.991996645927429,0,2,0.943108081817627,VALID,0.128678023815155,0.0673101991415024,0.989399492740631,-0.0325510017573833,0.143324866890907,VALID,0.0782823413610458,0.0772431716322899,0.993934273719788,0.0325510017573833,0.164260178804398
232450401,0.0162013,42.7962307175621,VALID,0.105075404047966,0.0723814070224762,0.99182665348053,0,1.21237170696259,0.945638239383698,VALID,0.130727350711823,0.0674580857157707,0.989120721817017,-0.0325510017573833,0.144849881529808,VALID,0.0793510004878044,0.0772548094391823,0.993848621845245,0.0325510017573833,0.164320409297943
232450403,0.0226897,42.8189204176888,VALID,0.106854222714901,0.0725079998373985,0.991627335548401,0,1.19931149482727,0.947623193264008,VALID,0.132796466350555,0.067586936056613